day,houseID,infectedHumans
0,0,0
0,1,0
0,2,0
0,3,0
0,4,0
0,5,0
0,6,0
0,7,0
0,8,0
0,9,0
0,10,0
0,11,0
0,12,0
0,13,0
0,14,0
0,15,10
0,16,2
0,17,0
0,18,0
0,19,0
0,20,0
0,21,0
0,22,0
0,23,0
0,24,0
0,25,0
0,26,1
0,27,0
0,28,0
0,29,0
0,30,0
0,31,0
0,32,0
0,33,0
0,34,0
0,35,0
0,36,0
0,37,0
0,38,0
0,39,0
0,40,0
0,41,18
0,42,0
0,43,0
0,44,1
0,45,0
0,46,0
0,47,0
0,48,0
0,49,0
0,50,0
0,51,1
0,52,0
0,53,0
0,54,0
0,55,0
0,56,0
0,57,0
0,58,0
0,59,0
0,60,0
0,61,0
0,62,0
0,63,0
0,64,0
0,65,0
0,66,0
0,67,0
0,68,0
0,69,0
0,70,0
0,71,0
0,72,0
0,73,0
0,74,0
0,75,0
0,76,0
0,77,0
0,78,0
0,79,0
0,80,0
0,81,0
0,82,0
0,83,0
0,84,0
0,85,0
0,86,0
0,87,2
0,88,0
0,89,0
0,90,0
0,91,1
0,92,0
0,93,0
0,94,1
0,95,0
0,96,0
0,97,1
0,98,0
0,99,0
1,0,2
1,1,2
1,2,1
1,3,1
1,4,6
1,5,4
1,6,4
1,7,28
1,8,4
1,9,3
1,10,3
1,11,1
1,12,6
1,13,1
1,14,3
1,15,10
1,16,17
1,17,2
1,18,4
1,19,0
1,20,4
1,21,1
1,22,1
1,23,3
1,24,2
1,25,1
1,26,7
1,27,3
1,28,5
1,29,4
1,30,4
1,31,2
1,32,2
1,33,1
1,34,4
1,35,2
1,36,2
1,37,5
1,38,4
1,39,3
1,40,3
1,41,20
1,42,4
1,43,5
1,44,28
1,45,4
1,46,3
1,47,27
1,48,5
1,49,1
1,50,4
1,51,3
1,52,1
1,53,0
1,54,1
1,55,3
1,56,0
1,57,3
1,58,0
1,59,3
1,60,3
1,61,4
1,62,3
1,63,18
1,64,0
1,65,17
1,66,1
1,67,4
1,68,11
1,69,1
1,70,5
1,71,7
1,72,2
1,73,2
1,74,6
1,75,4
1,76,2
1,77,6
1,78,2
1,79,4
1,80,3
1,81,1
1,82,18
1,83,0
1,84,5
1,85,3
1,86,1
1,87,4
1,88,1
1,89,2
1,90,2
1,91,2
1,92,4
1,93,18
1,94,6
1,95,26
1,96,3
1,97,4
1,98,4
1,99,6
2,0,6
2,1,10
2,2,2
2,3,5
2,4,7
2,5,10
2,6,8
2,7,29
2,8,6
2,9,6
2,10,8
2,11,3
2,12,12
2,13,6
2,14,10
2,15,14
2,16,22
2,17,6
2,18,9
2,19,1
2,20,10
2,21,5
2,22,7
2,23,10
2,24,11
2,25,4
2,26,13
2,27,26
2,28,12
2,29,9
2,30,6
2,31,9
2,32,4
2,33,7
2,34,6
2,35,7
2,36,7
2,37,10
2,38,8
2,39,11
2,40,10
2,41,21
2,42,8
2,43,9
2,44,30
2,45,8
2,46,6
2,47,32
2,48,8
2,49,4
2,50,10
2,51,8
2,52,5
2,53,2
2,54,5
2,55,6
2,56,3
2,57,7
2,58,6
2,59,7
2,60,7
2,61,10
2,62,4
2,63,19
2,64,4
2,65,20
2,66,7
2,67,7
2,68,17
2,69,5
2,70,10
2,71,17
2,72,9
2,73,8
2,74,12
2,75,9
2,76,7
2,77,12
2,78,10
2,79,4
2,80,30
2,81,8
2,82,19
2,83,8
2,84,10
2,85,8
2,86,6
2,87,9
2,88,7
2,89,8
2,90,5
2,91,7
2,92,10
2,93,21
2,94,33
2,95,31
2,96,19
2,97,8
2,98,6
2,99,10
3,0,7
3,1,11
3,2,2
3,3,5
3,4,8
3,5,10
3,6,8
3,7,29
3,8,7
3,9,7
3,10,8
3,11,3
3,12,12
3,13,7
3,14,10
3,15,14
3,16,22
3,17,9
3,18,10
3,19,2
3,20,11
3,21,5
3,22,9
3,23,11
3,24,12
3,25,5
3,26,13
3,27,43
3,28,12
3,29,9
3,30,6
3,31,12
3,32,5
3,33,8
3,34,6
3,35,7
3,36,8
3,37,10
3,38,31
3,39,11
3,40,10
3,41,21
3,42,8
3,43,32
3,44,45
3,45,8
3,46,6
3,47,32
3,48,10
3,49,5
3,50,10
3,51,9
3,52,6
3,53,2
3,54,5
3,55,6
3,56,3
3,57,7
3,58,6
3,59,7
3,60,8
3,61,12
3,62,4
3,63,19
3,64,5
3,65,20
3,66,9
3,67,8
3,68,18
3,69,8
3,70,10
3,71,18
3,72,9
3,73,8
3,74,13
3,75,9
3,76,8
3,77,13
3,78,10
3,79,6
3,80,30
3,81,8
3,82,21
3,83,9
3,84,11
3,85,8
3,86,23
3,87,10
3,88,7
3,89,9
3,90,5
3,91,7
3,92,12
3,93,24
3,94,35
3,95,31
3,96,19
3,97,9
3,98,6
3,99,11
4,0,10
4,1,12
4,2,3
4,3,6
4,4,9
4,5,13
4,6,8
4,7,30
4,8,8
4,9,7
4,10,8
4,11,4
4,12,12
4,13,7
4,14,11
4,15,14
4,16,22
4,17,9
4,18,10
4,19,2
4,20,11
4,21,24
4,22,10
4,23,13
4,24,12
4,25,5
4,26,15
4,27,43
4,28,14
4,29,9
4,30,23
4,31,30
4,32,5
4,33,9
4,34,6
4,35,8
4,36,9
4,37,10
4,38,31
4,39,11
4,40,33
4,41,23
4,42,8
4,43,34
4,44,45
4,45,8
4,46,7
4,47,46
4,48,12
4,49,5
4,50,11
4,51,11
4,52,7
4,53,2
4,54,5
4,55,7
4,56,6
4,57,8
4,58,9
4,59,7
4,60,10
4,61,47
4,62,5
4,63,19
4,64,7
4,65,21
4,66,10
4,67,9
4,68,18
4,69,9
4,70,10
4,71,19
4,72,25
4,73,8
4,74,13
4,75,9
4,76,10
4,77,13
4,78,12
4,79,6
4,80,31
4,81,8
4,82,21
4,83,9
4,84,11
4,85,8
4,86,45
4,87,11
4,88,8
4,89,10
4,90,5
4,91,7
4,92,13
4,93,25
4,94,35
4,95,33
4,96,20
4,97,9
4,98,7
4,99,11
5,0,11
5,1,31
5,2,4
5,3,7
5,4,30
5,5,13
5,6,10
5,7,31
5,8,9
5,9,7
5,10,9
5,11,5
5,12,15
5,13,7
5,14,11
5,15,15
5,16,22
5,17,10
5,18,10
5,19,2
5,20,12
5,21,24
5,22,10
5,23,13
5,24,14
5,25,7
5,26,17
5,27,43
5,28,14
5,29,9
5,30,23
5,31,32
5,32,5
5,33,10
5,34,7
5,35,8
5,36,10
5,37,11
5,38,32
5,39,11
5,40,33
5,41,23
5,42,9
5,43,35
5,44,54
5,45,8
5,46,7
5,47,46
5,48,14
5,49,8
5,50,12
5,51,12
5,52,9
5,53,2
5,54,5
5,55,10
5,56,6
5,57,9
5,58,11
5,59,9
5,60,29
5,61,49
5,62,5
5,63,19
5,64,7
5,65,41
5,66,10
5,67,11
5,68,20
5,69,11
5,70,11
5,71,20
5,72,26
5,73,9
5,74,13
5,75,10
5,76,10
5,77,13
5,78,12
5,79,8
5,80,34
5,81,9
5,82,22
5,83,11
5,84,12
5,85,8
5,86,46
5,87,11
5,88,9
5,89,10
5,90,6
5,91,7
5,92,15
5,93,25
5,94,37
5,95,34
5,96,21
5,97,9
5,98,8
5,99,13
6,0,13
6,1,32
6,2,5
6,3,7
6,4,31
6,5,13
6,6,11
6,7,34
6,8,13
6,9,8
6,10,9
6,11,5
6,12,15
6,13,10
6,14,16
6,15,16
6,16,24
6,17,11
6,18,11
6,19,5
6,20,15
6,21,27
6,22,10
6,23,15
6,24,14
6,25,9
6,26,18
6,27,45
6,28,18
6,29,11
6,30,23
6,31,32
6,32,5
6,33,10
6,34,7
6,35,8
6,36,10
6,37,13
6,38,32
6,39,12
6,40,33
6,41,24
6,42,13
6,43,37
6,44,54
6,45,24
6,46,9
6,47,47
6,48,15
6,49,9
6,50,12
6,51,14
6,52,10
6,53,3
6,54,6
6,55,10
6,56,6
6,57,12
6,58,11
6,59,11
6,60,31
6,61,61
6,62,5
6,63,20
6,64,7
6,65,42
6,66,12
6,67,12
6,68,22
6,69,11
6,70,11
6,71,21
6,72,26
6,73,10
6,74,16
6,75,10
6,76,10
6,77,15
6,78,12
6,79,9
6,80,34
6,81,11
6,82,24
6,83,12
6,84,15
6,85,9
6,86,47
6,87,14
6,88,11
6,89,12
6,90,8
6,91,9
6,92,16
6,93,27
6,94,40
6,95,35
6,96,24
6,97,11
6,98,9
6,99,13
7,0,14
7,1,33
7,2,7
7,3,7
7,4,31
7,5,13
7,6,12
7,7,34
7,8,14
7,9,8
7,10,9
7,11,7
7,12,15
7,13,11
7,14,18
7,15,17
7,16,26
7,17,43
7,18,11
7,19,6
7,20,16
7,21,28
7,22,10
7,23,16
7,24,16
7,25,9
7,26,20
7,27,45
7,28,18
7,29,13
7,30,23
7,31,32
7,32,6
7,33,11
7,34,8
7,35,8
7,36,10
7,37,13
7,38,32
7,39,12
7,40,33
7,41,24
7,42,15
7,43,38
7,44,55
7,45,25
7,46,9
7,47,49
7,48,17
7,49,9
7,50,14
7,51,14
7,52,11
7,53,5
7,54,6
7,55,11
7,56,6
7,57,32
7,58,11
7,59,14
7,60,31
7,61,63
7,62,6
7,63,21
7,64,8
7,65,43
7,66,12
7,67,12
7,68,22
7,69,13
7,70,11
7,71,21
7,72,56
7,73,10
7,74,17
7,75,10
7,76,10
7,77,15
7,78,13
7,79,9
7,80,35
7,81,14
7,82,24
7,83,13
7,84,15
7,85,11
7,86,49
7,87,15
7,88,13
7,89,14
7,90,9
7,91,11
7,92,18
7,93,28
7,94,43
7,95,37
7,96,24
7,97,11
7,98,10
7,99,13
8,0,14
8,1,33
8,2,7
8,3,7
8,4,31
8,5,13
8,6,12
8,7,34
8,8,14
8,9,8
8,10,9
8,11,7
8,12,15
8,13,11
8,14,18
8,15,17
8,16,26
8,17,43
8,18,11
8,19,6
8,20,16
8,21,28
8,22,10
8,23,16
8,24,16
8,25,9
8,26,20
8,27,45
8,28,18
8,29,13
8,30,23
8,31,32
8,32,6
8,33,11
8,34,8
8,35,8
8,36,10
8,37,13
8,38,32
8,39,12
8,40,33
8,41,24
8,42,15
8,43,38
8,44,55
8,45,25
8,46,9
8,47,49
8,48,17
8,49,9
8,50,14
8,51,14
8,52,11
8,53,5
8,54,6
8,55,11
8,56,6
8,57,32
8,58,11
8,59,14
8,60,31
8,61,63
8,62,6
8,63,21
8,64,8
8,65,43
8,66,12
8,67,12
8,68,22
8,69,13
8,70,11
8,71,21
8,72,56
8,73,10
8,74,17
8,75,10
8,76,10
8,77,15
8,78,13
8,79,25
8,80,35
8,81,14
8,82,24
8,83,13
8,84,15
8,85,11
8,86,49
8,87,15
8,88,13
8,89,14
8,90,9
8,91,11
8,92,18
8,93,28
8,94,43
8,95,37
8,96,24
8,97,11
8,98,10
8,99,13
9,0,15
9,1,34
9,2,8
9,3,10
9,4,33
9,5,16
9,6,13
9,7,34
9,8,15
9,9,8
9,10,11
9,11,8
9,12,17
9,13,12
9,14,18
9,15,18
9,16,27
9,17,43
9,18,13
9,19,6
9,20,16
9,21,29
9,22,10
9,23,16
9,24,17
9,25,11
9,26,23
9,27,47
9,28,18
9,29,14
9,30,25
9,31,34
9,32,6
9,33,11
9,34,9
9,35,10
9,36,13
9,37,15
9,38,35
9,39,13
9,40,34
9,41,25
9,42,16
9,43,39
9,44,56
9,45,25
9,46,9
9,47,49
9,48,18
9,49,11
9,50,14
9,51,16
9,52,12
9,53,8
9,54,8
9,55,11
9,56,9
9,57,32
9,58,14
9,59,15
9,60,32
9,61,65
9,62,8
9,63,24
9,64,8
9,65,45
9,66,12
9,67,13
9,68,25
9,69,14
9,70,11
9,71,23
9,72,56
9,73,11
9,74,17
9,75,11
9,76,11
9,77,17
9,78,13
9,79,26
9,80,36
9,81,16
9,82,27
9,83,15
9,84,15
9,85,12
9,86,50
9,87,17
9,88,14
9,89,14
9,90,9
9,91,17
9,92,19
9,93,31
9,94,43
9,95,37
9,96,24
9,97,12
9,98,12
9,99,16
10,0,15
10,1,34
10,2,8
10,3,10
10,4,33
10,5,16
10,6,13
10,7,34
10,8,15
10,9,8
10,10,11
10,11,8
10,12,17
10,13,27
10,14,18
10,15,18
10,16,27
10,17,43
10,18,13
10,19,6
10,20,16
10,21,29
10,22,10
10,23,16
10,24,17
10,25,11
10,26,23
10,27,47
10,28,18
10,29,14
10,30,25
10,31,34
10,32,6
10,33,11
10,34,9
10,35,10
10,36,23
10,37,15
10,38,35
10,39,13
10,40,45
10,41,25
10,42,16
10,43,39
10,44,56
10,45,25
10,46,9
10,47,49
10,48,18
10,49,11
10,50,14
10,51,16
10,52,12
10,53,8
10,54,8
10,55,11
10,56,9
10,57,32
10,58,14
10,59,15
10,60,32
10,61,65
10,62,8
10,63,24
10,64,8
10,65,45
10,66,12
10,67,13
10,68,25
10,69,14
10,70,11
10,71,22
10,72,56
10,73,11
10,74,17
10,75,11
10,76,11
10,77,17
10,78,13
10,79,26
10,80,36
10,81,16
10,82,27
10,83,15
10,84,15
10,85,12
10,86,50
10,87,17
10,88,14
10,89,14
10,90,9
10,91,17
10,92,19
10,93,31
10,94,43
10,95,37
10,96,24
10,97,12
10,98,12
10,99,16
11,0,16
11,1,37
11,2,10
11,3,11
11,4,38
11,5,18
11,6,15
11,7,35
11,8,18
11,9,13
11,10,12
11,11,9
11,12,18
11,13,46
11,14,20
11,15,19
11,16,32
11,17,50
11,18,19
11,19,9
11,20,23
11,21,30
11,22,16
11,23,20
11,24,22
11,25,12
11,26,29
11,27,49
11,28,22
11,29,16
11,30,31
11,31,37
11,32,10
11,33,14
11,34,15
11,35,12
11,36,24
11,37,19
11,38,36
11,39,17
11,40,46
11,41,26
11,42,22
11,43,42
11,44,59
11,45,28
11,46,12
11,47,50
11,48,23
11,49,13
11,50,18
11,51,18
11,52,15
11,53,11
11,54,9
11,55,17
11,56,13
11,57,33
11,58,17
11,59,19
11,60,35
11,61,67
11,62,14
11,63,26
11,64,12
11,65,46
11,66,32
11,67,13
11,68,29
11,69,18
11,70,12
11,71,24
11,72,56
11,73,13
11,74,20
11,75,15
11,76,16
11,77,22
11,78,14
11,79,29
11,80,38
11,81,19
11,82,30
11,83,17
11,84,17
11,85,18
11,86,52
11,87,19
11,88,15
11,89,20
11,90,12
11,91,18
11,92,26
11,93,34
11,94,43
11,95,38
11,96,24
11,97,17
11,98,16
11,99,18
12,0,16
12,1,37
12,2,10
12,3,11
12,4,38
12,5,18
12,6,15
12,7,35
12,8,35
12,9,13
12,10,12
12,11,9
12,12,18
12,13,46
12,14,20
12,15,19
12,16,32
12,17,50
12,18,19
12,19,9
12,20,23
12,21,30
12,22,16
12,23,20
12,24,22
12,25,12
12,26,29
12,27,49
12,28,22
12,29,16
12,30,31
12,31,37
12,32,10
12,33,14
12,34,15
12,35,12
12,36,24
12,37,19
12,38,36
12,39,17
12,40,46
12,41,26
12,42,22
12,43,42
12,44,59
12,45,28
12,46,12
12,47,50
12,48,23
12,49,13
12,50,18
12,51,18
12,52,15
12,53,11
12,54,9
12,55,17
12,56,13
12,57,33
12,58,17
12,59,19
12,60,35
12,61,67
12,62,14
12,63,26
12,64,12
12,65,46
12,66,32
12,67,13
12,68,29
12,69,18
12,70,12
12,71,24
12,72,56
12,73,13
12,74,20
12,75,15
12,76,16
12,77,22
12,78,14
12,79,29
12,80,38
12,81,19
12,82,30
12,83,17
12,84,17
12,85,18
12,86,52
12,87,19
12,88,15
12,89,20
12,90,12
12,91,32
12,92,26
12,93,34
12,94,43
12,95,38
12,96,24
12,97,17
12,98,16
12,99,23
13,0,17
13,1,38
13,2,11
13,3,11
13,4,39
13,5,18
13,6,15
13,7,35
13,8,36
13,9,14
13,10,15
13,11,10
13,12,18
13,13,46
13,14,20
13,15,20
13,16,33
13,17,50
13,18,19
13,19,9
13,20,24
13,21,31
13,22,37
13,23,36
13,24,23
13,25,12
13,26,30
13,27,50
13,28,22
13,29,17
13,30,31
13,31,37
13,32,10
13,33,14
13,34,36
13,35,12
13,36,24
13,37,32
13,38,38
13,39,18
13,40,47
13,41,26
13,42,22
13,43,42
13,44,59
13,45,28
13,46,13
13,47,51
13,48,23
13,49,13
13,50,18
13,51,18
13,52,15
13,53,13
13,54,10
13,55,18
13,56,13
13,57,34
13,58,18
13,59,20
13,60,35
13,61,68
13,62,14
13,63,26
13,64,14
13,65,46
13,66,32
13,67,13
13,68,29
13,69,20
13,70,12
13,71,27
13,72,56
13,73,14
13,74,22
13,75,18
13,76,17
13,77,23
13,78,14
13,79,30
13,80,39
13,81,20
13,82,30
13,83,18
13,84,17
13,85,19
13,86,52
13,87,19
13,88,15
13,89,21
13,90,13
13,91,32
13,92,29
13,93,34
13,94,43
13,95,38
13,96,24
13,97,18
13,98,16
13,99,23
14,0,18
14,1,47
14,2,12
14,3,11
14,4,39
14,5,18
14,6,15
14,7,36
14,8,36
14,9,14
14,10,15
14,11,11
14,12,19
14,13,46
14,14,20
14,15,19
14,16,51
14,17,50
14,18,19
14,19,9
14,20,26
14,21,31
14,22,37
14,23,36
14,24,23
14,25,12
14,26,31
14,27,50
14,28,24
14,29,18
14,30,45
14,31,37
14,32,11
14,33,14
14,34,36
14,35,13
14,36,24
14,37,33
14,38,38
14,39,18
14,40,47
14,41,25
14,42,22
14,43,43
14,44,59
14,45,29
14,46,13
14,47,56
14,48,24
14,49,15
14,50,18
14,51,18
14,52,15
14,53,14
14,54,10
14,55,18
14,56,14
14,57,34
14,58,18
14,59,22
14,60,35
14,61,68
14,62,14
14,63,27
14,64,14
14,65,47
14,66,33
14,67,13
14,68,29
14,69,21
14,70,13
14,71,27
14,72,57
14,73,14
14,74,22
14,75,18
14,76,18
14,77,23
14,78,14
14,79,30
14,80,39
14,81,20
14,82,30
14,83,19
14,84,18
14,85,19
14,86,52
14,87,18
14,88,15
14,89,21
14,90,15
14,91,31
14,92,29
14,93,34
14,94,43
14,95,55
14,96,24
14,97,18
14,98,18
14,99,25
15,0,19
15,1,51
15,2,15
15,3,14
15,4,41
15,5,19
15,6,14
15,7,36
15,8,38
15,9,14
15,10,16
15,11,15
15,12,22
15,13,46
15,14,21
15,15,18
15,16,53
15,17,52
15,18,22
15,19,14
15,20,27
15,21,32
15,22,38
15,23,38
15,24,25
15,25,17
15,26,32
15,27,51
15,28,27
15,29,22
15,30,48
15,31,41
15,32,12
15,33,15
15,34,37
15,35,16
15,36,25
15,37,34
15,38,40
15,39,22
15,40,47
15,41,25
15,42,24
15,43,46
15,44,58
15,45,32
15,46,17
15,47,56
15,48,25
15,49,19
15,50,18
15,51,17
15,52,17
15,53,16
15,54,10
15,55,25
15,56,15
15,57,40
15,58,22
15,59,24
15,60,38
15,61,68
15,62,14
15,63,27
15,64,14
15,65,47
15,66,35
15,67,17
15,68,32
15,69,25
15,70,13
15,71,30
15,72,59
15,73,18
15,74,26
15,75,20
15,76,21
15,77,25
15,78,20
15,79,33
15,80,43
15,81,23
15,82,29
15,83,23
15,84,20
15,85,20
15,86,55
15,87,34
15,88,18
15,89,25
15,90,17
15,91,33
15,92,29
15,93,33
15,94,44
15,95,56
15,96,25
15,97,17
15,98,18
15,99,28
16,0,18
16,1,54
16,2,15
16,3,13
16,4,41
16,5,19
16,6,14
16,7,36
16,8,52
16,9,14
16,10,16
16,11,16
16,12,21
16,13,48
16,14,22
16,15,18
16,16,54
16,17,52
16,18,24
16,19,15
16,20,26
16,21,34
16,22,37
16,23,38
16,24,24
16,25,16
16,26,33
16,27,48
16,28,28
16,29,22
16,30,47
16,31,45
16,32,14
16,33,17
16,34,38
16,35,17
16,36,24
16,37,34
16,38,40
16,39,20
16,40,48
16,41,24
16,42,24
16,43,47
16,44,58
16,45,31
16,46,17
16,47,56
16,48,26
16,49,20
16,50,17
16,51,18
16,52,18
16,53,17
16,54,12
16,55,23
16,56,17
16,57,41
16,58,21
16,59,24
16,60,37
16,61,67
16,62,13
16,63,29
16,64,15
16,65,45
16,66,35
16,67,16
16,68,32
16,69,25
16,70,16
16,71,27
16,72,59
16,73,16
16,74,26
16,75,20
16,76,21
16,77,24
16,78,20
16,79,32
16,80,41
16,81,23
16,82,31
16,83,23
16,84,22
16,85,20
16,86,54
16,87,34
16,88,19
16,89,24
16,90,17
16,91,33
16,92,30
16,93,31
16,94,42
16,95,52
16,96,24
16,97,17
16,98,19
16,99,26
17,0,19
17,1,56
17,2,36
17,3,11
17,4,42
17,5,21
17,6,14
17,7,36
17,8,52
17,9,14
17,10,16
17,11,15
17,12,22
17,13,48
17,14,22
17,15,18
17,16,52
17,17,52
17,18,26
17,19,15
17,20,25
17,21,34
17,22,39
17,23,38
17,24,25
17,25,17
17,26,36
17,27,43
17,28,39
17,29,23
17,30,48
17,31,44
17,32,13
17,33,35
17,34,37
17,35,16
17,36,25
17,37,33
17,38,38
17,39,21
17,40,47
17,41,25
17,42,25
17,43,46
17,44,55
17,45,31
17,46,20
17,47,62
17,48,26
17,49,19
17,50,18
17,51,17
17,52,34
17,53,18
17,54,12
17,55,42
17,56,17
17,57,41
17,58,23
17,59,26
17,60,37
17,61,66
17,62,13
17,63,30
17,64,13
17,65,43
17,66,36
17,67,14
17,68,34
17,69,25
17,70,18
17,71,25
17,72,59
17,73,16
17,74,26
17,75,20
17,76,22
17,77,25
17,78,19
17,79,33
17,80,38
17,81,24
17,82,31
17,83,24
17,84,22
17,85,20
17,86,52
17,87,35
17,88,20
17,89,24
17,90,17
17,91,32
17,92,31
17,93,30
17,94,42
17,95,50
17,96,24
17,97,17
17,98,21
17,99,42
18,0,18
18,1,56
18,2,37
18,3,14
18,4,51
18,5,21
18,6,14
18,7,38
18,8,52
18,9,13
18,10,16
18,11,15
18,12,23
18,13,49
18,14,22
18,15,17
18,16,48
18,17,51
18,18,26
18,19,15
18,20,29
18,21,31
18,22,40
18,23,37
18,24,28
18,25,20
18,26,35
18,27,41
18,28,39
18,29,21
18,30,49
18,31,41
18,32,13
18,33,33
18,34,60
18,35,17
18,36,25
18,37,36
18,38,38
18,39,21
18,40,45
18,41,26
18,42,27
18,43,44
18,44,53
18,45,31
18,46,47
18,47,63
18,48,26
18,49,21
18,50,18
18,51,18
18,52,35
18,53,20
18,54,12
18,55,42
18,56,18
18,57,40
18,58,24
18,59,26
18,60,37
18,61,64
18,62,15
18,63,29
18,64,14
18,65,45
18,66,46
18,67,15
18,68,35
18,69,27
18,70,34
18,71,25
18,72,66
18,73,28
18,74,27
18,75,20
18,76,23
18,77,26
18,78,22
18,79,33
18,80,37
18,81,27
18,82,32
18,83,26
18,84,23
18,85,23
18,86,50
18,87,34
18,88,21
18,89,26
18,90,17
18,91,33
18,92,31
18,93,31
18,94,42
18,95,52
18,96,23
18,97,18
18,98,22
18,99,41
19,0,16
19,1,55
19,2,39
19,3,16
19,4,48
19,5,20
19,6,15
19,7,35
19,8,51
19,9,13
19,10,17
19,11,15
19,12,22
19,13,50
19,14,23
19,15,18
19,16,47
19,17,52
19,18,26
19,19,15
19,20,29
19,21,28
19,22,40
19,23,37
19,24,29
19,25,20
19,26,36
19,27,40
19,28,56
19,29,22
19,30,49
19,31,36
19,32,14
19,33,33
19,34,60
19,35,17
19,36,25
19,37,35
19,38,40
19,39,21
19,40,42
19,41,27
19,42,28
19,43,44
19,44,51
19,45,45
19,46,46
19,47,63
19,48,25
19,49,22
19,50,20
19,51,19
19,52,36
19,53,20
19,54,12
19,55,43
19,56,17
19,57,40
19,58,29
19,59,25
19,60,35
19,61,62
19,62,43
19,63,28
19,64,16
19,65,42
19,66,46
19,67,15
19,68,37
19,69,29
19,70,35
19,71,35
19,72,65
19,73,29
19,74,27
19,75,18
19,76,24
19,77,26
19,78,21
19,79,35
19,80,36
19,81,31
19,82,32
19,83,27
19,84,23
19,85,23
19,86,48
19,87,36
19,88,21
19,89,26
19,90,17
19,91,33
19,92,31
19,93,30
19,94,41
19,95,53
19,96,21
19,97,21
19,98,24
19,99,41
20,0,52
20,1,55
20,2,43
20,3,17
20,4,48
20,5,21
20,6,17
20,7,33
20,8,52
20,9,17
20,10,18
20,11,37
20,12,23
20,13,52
20,14,25
20,15,18
20,16,48
20,17,54
20,18,29
20,19,16
20,20,29
20,21,29
20,22,41
20,23,39
20,24,28
20,25,20
20,26,36
20,27,38
20,28,58
20,29,22
20,30,49
20,31,34
20,32,15
20,33,34
20,34,61
20,35,16
20,36,46
20,37,36
20,38,52
20,39,25
20,40,42
20,41,28
20,42,29
20,43,41
20,44,48
20,45,43
20,46,46
20,47,59
20,48,39
20,49,42
20,50,20
20,51,17
20,52,44
20,53,22
20,54,15
20,55,43
20,56,18
20,57,41
20,58,41
20,59,28
20,60,36
20,61,61
20,62,45
20,63,31
20,64,18
20,65,42
20,66,45
20,67,17
20,68,38
20,69,31
20,70,35
20,71,37
20,72,65
20,73,31
20,74,26
20,75,20
20,76,26
20,77,28
20,78,22
20,79,36
20,80,36
20,81,30
20,82,31
20,83,30
20,84,22
20,85,22
20,86,48
20,87,37
20,88,35
20,89,29
20,90,18
20,91,34
20,92,31
20,93,31
20,94,43
20,95,54
20,96,21
20,97,22
20,98,25
20,99,45
21,0,52
21,1,53
21,2,43
21,3,16
21,4,47
21,5,20
21,6,17
21,7,32
21,8,50
21,9,15
21,10,18
21,11,37
21,12,19
21,13,51
21,14,23
21,15,16
21,16,48
21,17,53
21,18,29
21,19,15
21,20,29
21,21,28
21,22,41
21,23,39
21,24,28
21,25,20
21,26,33
21,27,36
21,28,57
21,29,22
21,30,46
21,31,32
21,32,15
21,33,32
21,34,59
21,35,16
21,36,46
21,37,36
21,38,52
21,39,24
21,40,41
21,41,28
21,42,28
21,43,39
21,44,43
21,45,40
21,46,45
21,47,58
21,48,39
21,49,41
21,50,19
21,51,17
21,52,44
21,53,20
21,54,13
21,55,43
21,56,18
21,57,39
21,58,40
21,59,27
21,60,51
21,61,56
21,62,45
21,63,29
21,64,18
21,65,37
21,66,45
21,67,15
21,68,35
21,69,42
21,70,32
21,71,36
21,72,59
21,73,31
21,74,26
21,75,20
21,76,25
21,77,28
21,78,47
21,79,35
21,80,35
21,81,30
21,82,31
21,83,30
21,84,22
21,85,22
21,86,55
21,87,37
21,88,35
21,89,28
21,90,18
21,91,33
21,92,29
21,93,39
21,94,41
21,95,54
21,96,20
21,97,20
21,98,25
21,99,45
22,0,53
22,1,54
22,2,43
22,3,16
22,4,47
22,5,22
22,6,17
22,7,39
22,8,51
22,9,15
22,10,22
22,11,36
22,12,20
22,13,51
22,14,22
22,15,19
22,16,48
22,17,50
22,18,31
22,19,16
22,20,33
22,21,28
22,22,40
22,23,39
22,24,29
22,25,23
22,26,31
22,27,35
22,28,56
22,29,23
22,30,45
22,31,31
22,32,15
22,33,34
22,34,60
22,35,16
22,36,45
22,37,33
22,38,59
22,39,26
22,40,40
22,41,29
22,42,27
22,43,41
22,44,42
22,45,41
22,46,46
22,47,55
22,48,40
22,49,41
22,50,20
22,51,17
22,52,43
22,53,20
22,54,14
22,55,45
22,56,19
22,57,37
22,58,39
22,59,27
22,60,49
22,61,52
22,62,46
22,63,36
22,64,20
22,65,37
22,66,46
22,67,15
22,68,36
22,69,43
22,70,32
22,71,37
22,72,58
22,73,35
22,74,28
22,75,31
22,76,27
22,77,32
22,78,46
22,79,36
22,80,35
22,81,40
22,82,32
22,83,31
22,84,22
22,85,22
22,86,51
22,87,39
22,88,36
22,89,28
22,90,18
22,91,36
22,92,30
22,93,37
22,94,40
22,95,54
22,96,20
22,97,20
22,98,28
22,99,46
23,0,53
23,1,51
23,2,43
23,3,15
23,4,46
23,5,20
23,6,16
23,7,38
23,8,50
23,9,15
23,10,22
23,11,36
23,12,21
23,13,52
23,14,21
23,15,19
23,16,47
23,17,48
23,18,30
23,19,18
23,20,33
23,21,27
23,22,40
23,23,38
23,24,28
23,25,22
23,26,50
23,27,36
23,28,62
23,29,23
23,30,45
23,31,28
23,32,15
23,33,31
23,34,60
23,35,16
23,36,43
23,37,33
23,38,56
23,39,38
23,40,40
23,41,29
23,42,27
23,43,41
23,44,41
23,45,39
23,46,45
23,47,52
23,48,40
23,49,41
23,50,20
23,51,17
23,52,43
23,53,20
23,54,12
23,55,45
23,56,20
23,57,36
23,58,52
23,59,27
23,60,47
23,61,50
23,62,45
23,63,35
23,64,19
23,65,39
23,66,46
23,67,15
23,68,35
23,69,40
23,70,32
23,71,37
23,72,55
23,73,35
23,74,28
23,75,30
23,76,29
23,77,29
23,78,46
23,79,35
23,80,46
23,81,40
23,82,31
23,83,29
23,84,20
23,85,22
23,86,50
23,87,39
23,88,35
23,89,27
23,90,18
23,91,35
23,92,30
23,93,35
23,94,38
23,95,54
23,96,21
23,97,19
23,98,28
23,99,44
24,0,55
24,1,51
24,2,43
24,3,16
24,4,45
24,5,20
24,6,16
24,7,37
24,8,60
24,9,17
24,10,23
24,11,36
24,12,21
24,13,51
24,14,22
24,15,19
24,16,47
24,17,45
24,18,62
24,19,17
24,20,34
24,21,29
24,22,40
24,23,39
24,24,27
24,25,22
24,26,50
24,27,34
24,28,61
24,29,22
24,30,43
24,31,27
24,32,17
24,33,32
24,34,62
24,35,17
24,36,42
24,37,33
24,38,52
24,39,38
24,40,38
24,41,30
24,42,26
24,43,40
24,44,37
24,45,39
24,46,45
24,47,51
24,48,41
24,49,42
24,50,20
24,51,17
24,52,43
24,53,20
24,54,13
24,55,48
24,56,21
24,57,53
24,58,53
24,59,27
24,60,48
24,61,46
24,62,45
24,63,36
24,64,22
24,65,36
24,66,44
24,67,16
24,68,35
24,69,40
24,70,34
24,71,38
24,72,53
24,73,37
24,74,26
24,75,31
24,76,31
24,77,46
24,78,46
24,79,36
24,80,51
24,81,40
24,82,30
24,83,32
24,84,20
24,85,22
24,86,45
24,87,40
24,88,34
24,89,25
24,90,34
24,91,34
24,92,30
24,93,35
24,94,39
24,95,51
24,96,20
24,97,20
24,98,29
24,99,44
25,0,56
25,1,47
25,2,42
25,3,15
25,4,42
25,5,20
25,6,15
25,7,35
25,8,60
25,9,16
25,10,26
25,11,36
25,12,21
25,13,50
25,14,23
25,15,18
25,16,46
25,17,44
25,18,61
25,19,17
25,20,35
25,21,28
25,22,38
25,23,38
25,24,27
25,25,23
25,26,48
25,27,34
25,28,60
25,29,22
25,30,42
25,31,26
25,32,17
25,33,35
25,34,62
25,35,16
25,36,42
25,37,31
25,38,52
25,39,40
25,40,38
25,41,30
25,42,28
25,43,38
25,44,37
25,45,39
25,46,44
25,47,51
25,48,39
25,49,42
25,50,17
25,51,17
25,52,43
25,53,20
25,54,16
25,55,48
25,56,21
25,57,50
25,58,54
25,59,28
25,60,45
25,61,44
25,62,55
25,63,36
25,64,25
25,65,36
25,66,42
25,67,22
25,68,34
25,69,41
25,70,34
25,71,42
25,72,51
25,73,45
25,74,24
25,75,32
25,76,31
25,77,45
25,78,47
25,79,35
25,80,51
25,81,39
25,82,28
25,83,30
25,84,22
25,85,22
25,86,44
25,87,43
25,88,44
25,89,26
25,90,34
25,91,36
25,92,30
25,93,34
25,94,38
25,95,49
25,96,24
25,97,22
25,98,27
25,99,44
26,0,56
26,1,47
26,2,42
26,3,29
26,4,42
26,5,20
26,6,13
26,7,35
26,8,56
26,9,14
26,10,23
26,11,45
26,12,20
26,13,47
26,14,23
26,15,17
26,16,43
26,17,42
26,18,59
26,19,16
26,20,35
26,21,26
26,22,38
26,23,37
26,24,25
26,25,23
26,26,45
26,27,33
26,28,58
26,29,22
26,30,39
26,31,26
26,32,16
26,33,35
26,34,61
26,35,16
26,36,41
26,37,29
26,38,51
26,39,39
26,40,36
26,41,29
26,42,27
26,43,36
26,44,34
26,45,38
26,46,43
26,47,48
26,48,37
26,49,40
26,50,15
26,51,16
26,52,39
26,53,19
26,54,26
26,55,48
26,56,20
26,57,48
26,58,54
26,59,28
26,60,45
26,61,41
26,62,54
26,63,35
26,64,24
26,65,33
26,66,42
26,67,53
26,68,33
26,69,40
26,70,34
26,71,39
26,72,45
26,73,45
26,74,23
26,75,31
26,76,31
26,77,45
26,78,46
26,79,33
26,80,48
26,81,39
26,82,26
26,83,29
26,84,22
26,85,22
26,86,41
26,87,38
26,88,44
26,89,25
26,90,34
26,91,36
26,92,28
26,93,32
26,94,37
26,95,48
26,96,22
26,97,22
26,98,24
26,99,44
27,0,56
27,1,44
27,2,43
27,3,29
27,4,39
27,5,21
27,6,13
27,7,35
27,8,53
27,9,15
27,10,22
27,11,43
27,12,20
27,13,42
27,14,22
27,15,17
27,16,43
27,17,39
27,18,58
27,19,16
27,20,35
27,21,26
27,22,37
27,23,37
27,24,24
27,25,23
27,26,46
27,27,33
27,28,58
27,29,22
27,30,39
27,31,24
27,32,16
27,33,36
27,34,60
27,35,16
27,36,40
27,37,30
27,38,51
27,39,38
27,40,34
27,41,29
27,42,27
27,43,37
27,44,31
27,45,39
27,46,42
27,47,46
27,48,35
27,49,41
27,50,14
27,51,16
27,52,39
27,53,19
27,54,26
27,55,48
27,56,19
27,57,46
27,58,53
27,59,29
27,60,44
27,61,42
27,62,53
27,63,35
27,64,24
27,65,33
27,66,43
27,67,52
27,68,33
27,69,40
27,70,34
27,71,35
27,72,43
27,73,44
27,74,23
27,75,31
27,76,32
27,77,44
27,78,52
27,79,31
27,80,48
27,81,39
27,82,25
27,83,29
27,84,22
27,85,23
27,86,40
27,87,37
27,88,42
27,89,25
27,90,34
27,91,33
27,92,28
27,93,28
27,94,36
27,95,46
27,96,22
27,97,23
27,98,23
27,99,43
28,0,56
28,1,41
28,2,43
28,3,28
28,4,38
28,5,21
28,6,12
28,7,34
28,8,55
28,9,15
28,10,22
28,11,44
28,12,19
28,13,42
28,14,21
28,15,16
28,16,44
28,17,35
28,18,60
28,19,16
28,20,35
28,21,25
28,22,38
28,23,34
28,24,24
28,25,23
28,26,47
28,27,32
28,28,57
28,29,33
28,30,38
28,31,22
28,32,17
28,33,37
28,34,59
28,35,16
28,36,39
28,37,29
28,38,50
28,39,37
28,40,34
28,41,25
28,42,26
28,43,37
28,44,30
28,45,38
28,46,42
28,47,54
28,48,33
28,49,40
28,50,14
28,51,15
28,52,40
28,53,20
28,54,26
28,55,48
28,56,18
28,57,45
28,58,53
28,59,27
28,60,43
28,61,40
28,62,53
28,63,35
28,64,25
28,65,32
28,66,38
28,67,53
28,68,33
28,69,39
28,70,34
28,71,34
28,72,40
28,73,44
28,74,22
28,75,31
28,76,45
28,77,44
28,78,62
28,79,29
28,80,49
28,81,39
28,82,22
28,83,28
28,84,22
28,85,23
28,86,39
28,87,37
28,88,42
28,89,25
28,90,33
28,91,32
28,92,27
28,93,28
28,94,34
28,95,44
28,96,22
28,97,38
28,98,21
28,99,42
29,0,56
29,1,39
29,2,43
29,3,29
29,4,44
29,5,22
29,6,12
29,7,32
29,8,49
29,9,15
29,10,22
29,11,45
29,12,18
29,13,41
29,14,19
29,15,17
29,16,43
29,17,35
29,18,59
29,19,16
29,20,34
29,21,25
29,22,39
29,23,34
29,24,23
29,25,23
29,26,49
29,27,28
29,28,57
29,29,34
29,30,37
29,31,23
29,32,17
29,33,36
29,34,56
29,35,17
29,36,38
29,37,28
29,38,50
29,39,37
29,40,34
29,41,25
29,42,25
29,43,37
29,44,29
29,45,38
29,46,42
29,47,50
29,48,31
29,49,40
29,50,14
29,51,15
29,52,40
29,53,20
29,54,26
29,55,47
29,56,18
29,57,45
29,58,63
29,59,28
29,60,43
29,61,39
29,62,53
29,63,35
29,64,26
29,65,33
29,66,37
29,67,50
29,68,34
29,69,39
29,70,32
29,71,32
29,72,39
29,73,44
29,74,22
29,75,31
29,76,46
29,77,44
29,78,62
29,79,30
29,80,44
29,81,38
29,82,23
29,83,25
29,84,22
29,85,24
29,86,35
29,87,34
29,88,42
29,89,26
29,90,32
29,91,32
29,92,29
29,93,27
29,94,33
29,95,41
29,96,20
29,97,38
29,98,20
29,99,41
30,0,57
30,1,37
30,2,43
30,3,28
30,4,44
30,5,23
30,6,12
30,7,33
30,8,47
30,9,16
30,10,23
30,11,45
30,12,19
30,13,39
30,14,19
30,15,16
30,16,39
30,17,34
30,18,59
30,19,17
30,20,35
30,21,25
30,22,40
30,23,33
30,24,28
30,25,25
30,26,50
30,27,26
30,28,58
30,29,34
30,30,32
30,31,36
30,32,16
30,33,36
30,34,55
30,35,21
30,36,38
30,37,26
30,38,48
30,39,38
30,40,35
30,41,28
30,42,24
30,43,36
30,44,29
30,45,37
30,46,45
30,47,49
30,48,32
30,49,41
30,50,16
30,51,15
30,52,44
30,53,21
30,54,27
30,55,47
30,56,18
30,57,44
30,58,63
30,59,28
30,60,43
30,61,37
30,62,52
30,63,36
30,64,28
30,65,34
30,66,37
30,67,50
30,68,31
30,69,38
30,70,33
30,71,31
30,72,41
30,73,43
30,74,27
30,75,31
30,76,68
30,77,43
30,78,62
30,79,30
30,80,42
30,81,38
30,82,23
30,83,24
30,84,24
30,85,27
30,86,33
30,87,33
30,88,39
30,89,28
30,90,31
30,91,30
30,92,29
30,93,26
30,94,31
30,95,40
30,96,20
30,97,40
30,98,20
30,99,42
31,0,56
31,1,38
31,2,38
31,3,27
31,4,41
31,5,22
31,6,12
31,7,32
31,8,52
31,9,15
31,10,22
31,11,44
31,12,19
31,13,38
31,14,18
31,15,15
31,16,36
31,17,31
31,18,58
31,19,19
31,20,32
31,21,24
31,22,37
31,23,32
31,24,28
31,25,43
31,26,47
31,27,23
31,28,55
31,29,34
31,30,28
31,31,36
31,32,16
31,33,35
31,34,52
31,35,19
31,36,37
31,37,24
31,38,47
31,39,38
31,40,33
31,41,29
31,42,24
31,43,35
31,44,28
31,45,35
31,46,45
31,47,46
31,48,30
31,49,42
31,50,14
31,51,14
31,52,46
31,53,21
31,54,26
31,55,46
31,56,17
31,57,42
31,58,63
31,59,28
31,60,43
31,61,35
31,62,51
31,63,35
31,64,27
31,65,32
31,66,36
31,67,49
31,68,28
31,69,35
31,70,34
31,71,30
31,72,39
31,73,42
31,74,26
31,75,30
31,76,67
31,77,42
31,78,61
31,79,30
31,80,42
31,81,37
31,82,24
31,83,24
31,84,24
31,85,30
31,86,32
31,87,29
31,88,37
31,89,29
31,90,32
31,91,31
31,92,29
31,93,26
31,94,30
31,95,40
31,96,20
31,97,39
31,98,22
31,99,40
32,0,55
32,1,37
32,2,35
32,3,26
32,4,40
32,5,23
32,6,11
32,7,31
32,8,49
32,9,15
32,10,21
32,11,42
32,12,18
32,13,37
32,14,17
32,15,15
32,16,33
32,17,30
32,18,58
32,19,18
32,20,45
32,21,23
32,22,37
32,23,30
32,24,30
32,25,42
32,26,45
32,27,21
32,28,55
32,29,34
32,30,26
32,31,35
32,32,17
32,33,34
32,34,47
32,35,17
32,36,35
32,37,22
32,38,44
32,39,37
32,40,37
32,41,28
32,42,23
32,43,32
32,44,28
32,45,35
32,46,42
32,47,42
32,48,30
32,49,42
32,50,12
32,51,15
32,52,46
32,53,22
32,54,26
32,55,43
32,56,17
32,57,40
32,58,63
32,59,25
32,60,40
32,61,34
32,62,53
32,63,36
32,64,27
32,65,32
32,66,33
32,67,50
32,68,27
32,69,34
32,70,29
32,71,30
32,72,38
32,73,41
32,74,25
32,75,37
32,76,65
32,77,42
32,78,60
32,79,30
32,80,40
32,81,38
32,82,23
32,83,24
32,84,23
32,85,31
32,86,32
32,87,28
32,88,37
32,89,38
32,90,31
32,91,28
32,92,29
32,93,21
32,94,29
32,95,49
32,96,19
32,97,39
32,98,23
32,99,38
33,0,55
33,1,34
33,2,33
33,3,25
33,4,40
33,5,24
33,6,10
33,7,30
33,8,48
33,9,16
33,10,21
33,11,41
33,12,17
33,13,43
33,14,17
33,15,14
33,16,32
33,17,28
33,18,57
33,19,17
33,20,44
33,21,24
33,22,34
33,23,28
33,24,30
33,25,42
33,26,45
33,27,21
33,28,51
33,29,35
33,30,24
33,31,34
33,32,18
33,33,32
33,34,45
33,35,17
33,36,35
33,37,21
33,38,43
33,39,37
33,40,36
33,41,27
33,42,33
33,43,30
33,44,27
33,45,35
33,46,37
33,47,42
33,48,30
33,49,42
33,50,11
33,51,13
33,52,44
33,53,22
33,54,25
33,55,39
33,56,18
33,57,41
33,58,62
33,59,25
33,60,40
33,61,31
33,62,53
33,63,35
33,64,27
33,65,29
33,66,33
33,67,51
33,68,26
33,69,33
33,70,28
33,71,27
33,72,37
33,73,39
33,74,26
33,75,36
33,76,64
33,77,39
33,78,60
33,79,28
33,80,40
33,81,36
33,82,23
33,83,24
33,84,24
33,85,28
33,86,33
33,87,28
33,88,38
33,89,46
33,90,31
33,91,29
33,92,28
33,93,20
33,94,30
33,95,48
33,96,19
33,97,39
33,98,21
33,99,37
34,0,53
34,1,32
34,2,32
34,3,24
34,4,36
34,5,25
34,6,9
34,7,30
34,8,47
34,9,16
34,10,20
34,11,39
34,12,17
34,13,40
34,14,17
34,15,16
34,16,31
34,17,31
34,18,57
34,19,16
34,20,43
34,21,23
34,22,43
34,23,27
34,24,29
34,25,42
34,26,45
34,27,20
34,28,48
34,29,32
34,30,24
34,31,34
34,32,18
34,33,28
34,34,41
34,35,16
34,36,33
34,37,19
34,38,41
34,39,36
34,40,33
34,41,26
34,42,33
34,43,38
34,44,25
34,45,31
34,46,35
34,47,42
34,48,27
34,49,39
34,50,12
34,51,13
34,52,43
34,53,21
34,54,25
34,55,35
34,56,18
34,57,39
34,58,58
34,59,22
34,60,39
34,61,30
34,62,51
34,63,33
34,64,27
34,65,28
34,66,33
34,67,51
34,68,24
34,69,33
34,70,28
34,71,26
34,72,37
34,73,38
34,74,25
34,75,33
34,76,64
34,77,38
34,78,59
34,79,28
34,80,39
34,81,33
34,82,22
34,83,24
34,84,24
34,85,28
34,86,31
34,87,28
34,88,36
34,89,44
34,90,30
34,91,27
34,92,34
34,93,20
34,94,31
34,95,52
34,96,19
34,97,44
34,98,22
34,99,33
35,0,48
35,1,31
35,2,42
35,3,24
35,4,35
35,5,24
35,6,9
35,7,28
35,8,46
35,9,15
35,10,18
35,11,39
35,12,17
35,13,37
35,14,17
35,15,16
35,16,24
35,17,30
35,18,56
35,19,15
35,20,42
35,21,23
35,22,42
35,23,30
35,24,28
35,25,40
35,26,43
35,27,18
35,28,45
35,29,30
35,30,23
35,31,33
35,32,18
35,33,27
35,34,38
35,35,17
35,36,31
35,37,18
35,38,39
35,39,36
35,40,32
35,41,26
35,42,31
35,43,37
35,44,24
35,45,28
35,46,35
35,47,39
35,48,25
35,49,39
35,50,11
35,51,22
35,52,38
35,53,21
35,54,25
35,55,34
35,56,34
35,57,38
35,58,56
35,59,20
35,60,36
35,61,29
35,62,48
35,63,33
35,64,26
35,65,25
35,66,31
35,67,49
35,68,30
35,69,32
35,70,23
35,71,26
35,72,37
35,73,37
35,74,25
35,75,33
35,76,64
35,77,38
35,78,56
35,79,28
35,80,38
35,81,34
35,82,22
35,83,22
35,84,24
35,85,27
35,86,30
35,87,26
35,88,33
35,89,43
35,90,29
35,91,26
35,92,33
35,93,17
35,94,29
35,95,51
35,96,19
35,97,44
35,98,22
35,99,30
36,0,46
36,1,31
36,2,38
36,3,24
36,4,34
36,5,23
36,6,9
36,7,26
36,8,44
36,9,15
36,10,17
36,11,48
36,12,16
36,13,35
36,14,17
36,15,16
36,16,22
36,17,27
36,18,55
36,19,22
36,20,42
36,21,22
36,22,39
36,23,30
36,24,26
36,25,40
36,26,43
36,27,17
36,28,44
36,29,28
36,30,23
36,31,32
36,32,16
36,33,25
36,34,34
36,35,17
36,36,30
36,37,17
36,38,38
36,39,36
36,40,30
36,41,26
36,42,30
36,43,36
36,44,24
36,45,27
36,46,35
36,47,37
36,48,35
36,49,46
36,50,11
36,51,21
36,52,36
36,53,17
36,54,25
36,55,34
36,56,34
36,57,37
36,58,55
36,59,20
36,60,35
36,61,28
36,62,45
36,63,32
36,64,26
36,65,23
36,66,27
36,67,49
36,68,30
36,69,31
36,70,22
36,71,26
36,72,43
36,73,37
36,74,22
36,75,30
36,76,63
36,77,38
36,78,56
36,79,28
36,80,38
36,81,32
36,82,23
36,83,23
36,84,23
36,85,47
36,86,28
36,87,23
36,88,33
36,89,43
36,90,31
36,91,26
36,92,31
36,93,15
36,94,29
36,95,49
36,96,19
36,97,45
36,98,22
36,99,29
37,0,44
37,1,28
37,2,36
37,3,23
37,4,29
37,5,21
37,6,9
37,7,25
37,8,42
37,9,15
37,10,17
37,11,48
37,12,16
37,13,34
37,14,16
37,15,15
37,16,21
37,17,26
37,18,54
37,19,22
37,20,40
37,21,22
37,22,34
37,23,30
37,24,26
37,25,38
37,26,40
37,27,17
37,28,41
37,29,28
37,30,22
37,31,31
37,32,16
37,33,22
37,34,30
37,35,16
37,36,27
37,37,17
37,38,37
37,39,32
37,40,29
37,41,25
37,42,28
37,43,34
37,44,23
37,45,24
37,46,34
37,47,34
37,48,34
37,49,46
37,50,29
37,51,22
37,52,37
37,53,17
37,54,25
37,55,33
37,56,35
37,57,36
37,58,49
37,59,20
37,60,33
37,61,27
37,62,43
37,63,30
37,64,23
37,65,23
37,66,24
37,67,48
37,68,30
37,69,30
37,70,21
37,71,23
37,72,41
37,73,38
37,74,20
37,75,28
37,76,61
37,77,37
37,78,54
37,79,26
37,80,37
37,81,37
37,82,20
37,83,22
37,84,23
37,85,46
37,86,26
37,87,22
37,88,32
37,89,41
37,90,51
37,91,25
37,92,30
37,93,15
37,94,28
37,95,46
37,96,26
37,97,57
37,98,22
37,99,37
38,0,43
38,1,27
38,2,36
38,3,23
38,4,28
38,5,20
38,6,8
38,7,24
38,8,41
38,9,14
38,10,17
38,11,46
38,12,16
38,13,31
38,14,15
38,15,15
38,16,21
38,17,25
38,18,45
38,19,22
38,20,48
38,21,21
38,22,33
38,23,29
38,24,24
38,25,38
38,26,39
38,27,17
38,28,39
38,29,25
38,30,21
38,31,29
38,32,16
38,33,23
38,34,29
38,35,16
38,36,27
38,37,16
38,38,33
38,39,38
38,40,28
38,41,25
38,42,28
38,43,34
38,44,21
38,45,22
38,46,33
38,47,32
38,48,44
38,49,44
38,50,29
38,51,23
38,52,35
38,53,18
38,54,24
38,55,31
38,56,34
38,57,34
38,58,47
38,59,18
38,60,31
38,61,28
38,62,40
38,63,28
38,64,22
38,65,21
38,66,31
38,67,48
38,68,28
38,69,30
38,70,20
38,71,21
38,72,37
38,73,36
38,74,20
38,75,26
38,76,57
38,77,32
38,78,49
38,79,22
38,80,35
38,81,36
38,82,29
38,83,22
38,84,23
38,85,45
38,86,25
38,87,17
38,88,32
38,89,41
38,90,51
38,91,23
38,92,37
38,93,13
38,94,24
38,95,45
38,96,26
38,97,56
38,98,22
38,99,33
39,0,41
39,1,27
39,2,37
39,3,23
39,4,28
39,5,20
39,6,9
39,7,25
39,8,41
39,9,14
39,10,18
39,11,44
39,12,15
39,13,46
39,14,15
39,15,13
39,16,19
39,17,22
39,18,38
39,19,21
39,20,47
39,21,19
39,22,32
39,23,27
39,24,25
39,25,38
39,26,38
39,27,17
39,28,36
39,29,23
39,30,18
39,31,29
39,32,17
39,33,22
39,34,29
39,35,29
39,36,34
39,37,15
39,38,33
39,39,35
39,40,27
39,41,24
39,42,29
39,43,35
39,44,21
39,45,20
39,46,30
39,47,31
39,48,43
39,49,41
39,50,30
39,51,24
39,52,34
39,53,17
39,54,25
39,55,30
39,56,37
39,57,34
39,58,46
39,59,17
39,60,31
39,61,27
39,62,38
39,63,24
39,64,22
39,65,20
39,66,31
39,67,48
39,68,27
39,69,28
39,70,21
39,71,19
39,72,32
39,73,34
39,74,19
39,75,27
39,76,57
39,77,31
39,78,56
39,79,21
39,80,34
39,81,37
39,82,30
39,83,22
39,84,26
39,85,45
39,86,22
39,87,19
39,88,27
39,89,63
39,90,48
39,91,22
39,92,36
39,93,10
39,94,25
39,95,44
39,96,27
39,97,56
39,98,21
39,99,32
40,0,36
40,1,26
40,2,41
40,3,22
40,4,27
40,5,21
40,6,8
40,7,22
40,8,38
40,9,13
40,10,16
40,11,43
40,12,14
40,13,45
40,14,14
40,15,12
40,16,18
40,17,22
40,18,45
40,19,21
40,20,44
40,21,19
40,22,30
40,23,26
40,24,23
40,25,37
40,26,37
40,27,14
40,28,33
40,29,23
40,30,18
40,31,28
40,32,16
40,33,21
40,34,27
40,35,29
40,36,34
40,37,15
40,38,26
40,39,33
40,40,26
40,41,24
40,42,29
40,43,35
40,44,20
40,45,19
40,46,29
40,47,30
40,48,42
40,49,40
40,50,37
40,51,24
40,52,41
40,53,16
40,54,24
40,55,31
40,56,35
40,57,31
40,58,44
40,59,16
40,60,31
40,61,26
40,62,33
40,63,19
40,64,21
40,65,16
40,66,30
40,67,43
40,68,37
40,69,27
40,70,20
40,71,18
40,72,30
40,73,30
40,74,19
40,75,27
40,76,56
40,77,27
40,78,53
40,79,21
40,80,33
40,81,36
40,82,30
40,83,22
40,84,26
40,85,45
40,86,21
40,87,19
40,88,25
40,89,62
40,90,46
40,91,20
40,92,35
40,93,9
40,94,23
40,95,42
40,96,27
40,97,56
40,98,21
40,99,32
41,0,35
41,1,24
41,2,41
41,3,22
41,4,27
41,5,20
41,6,7
41,7,21
41,8,37
41,9,14
41,10,14
41,11,42
41,12,15
41,13,42
41,14,15
41,15,21
41,16,17
41,17,21
41,18,42
41,19,20
41,20,43
41,21,19
41,22,28
41,23,24
41,24,24
41,25,36
41,26,37
41,27,14
41,28,31
41,29,23
41,30,18
41,31,27
41,32,15
41,33,22
41,34,26
41,35,28
41,36,34
41,37,15
41,38,24
41,39,32
41,40,25
41,41,23
41,42,27
41,43,31
41,44,18
41,45,30
41,46,31
41,47,30
41,48,43
41,49,40
41,50,39
41,51,24
41,52,41
41,53,27
41,54,26
41,55,28
41,56,36
41,57,29
41,58,40
41,59,16
41,60,26
41,61,25
41,62,31
41,63,16
41,64,21
41,65,16
41,66,29
41,67,40
41,68,36
41,69,25
41,70,19
41,71,18
41,72,31
41,73,28
41,74,19
41,75,27
41,76,54
41,77,26
41,78,49
41,79,22
41,80,32
41,81,36
41,82,31
41,83,24
41,84,26
41,85,45
41,86,21
41,87,19
41,88,23
41,89,63
41,90,46
41,91,20
41,92,35
41,93,8
41,94,24
41,95,40
41,96,27
41,97,55
41,98,19
41,99,32
42,0,33
42,1,24
42,2,40
42,3,21
42,4,25
42,5,19
42,6,8
42,7,18
42,8,34
42,9,12
42,10,22
42,11,41
42,12,16
42,13,41
42,14,16
42,15,21
42,16,16
42,17,21
42,18,39
42,19,19
42,20,43
42,21,18
42,22,28
42,23,25
42,24,22
42,25,43
42,26,35
42,27,13
42,28,29
42,29,23
42,30,17
42,31,25
42,32,15
42,33,22
42,34,25
42,35,28
42,36,33
42,37,13
42,38,19
42,39,31
42,40,25
42,41,22
42,42,26
42,43,29
42,44,16
42,45,27
42,46,27
42,47,28
42,48,51
42,49,37
42,50,39
42,51,24
42,52,41
42,53,27
42,54,27
42,55,43
42,56,36
42,57,29
42,58,37
42,59,16
42,60,24
42,61,25
42,62,27
42,63,14
42,64,21
42,65,15
42,66,27
42,67,38
42,68,36
42,69,26
42,70,19
42,71,18
42,72,31
42,73,28
42,74,18
42,75,28
42,76,50
42,77,24
42,78,45
42,79,20
42,80,30
42,81,35
42,82,31
42,83,23
42,84,25
42,85,45
42,86,21
42,87,18
42,88,22
42,89,63
42,90,46
42,91,20
42,92,34
42,93,7
42,94,22
42,95,39
42,96,27
42,97,49
42,98,18
42,99,31
43,0,32
43,1,23
43,2,39
43,3,30
43,4,23
43,5,18
43,6,8
43,7,17
43,8,34
43,9,12
43,10,22
43,11,41
43,12,15
43,13,41
43,14,16
43,15,20
43,16,15
43,17,19
43,18,40
43,19,19
43,20,42
43,21,16
43,22,28
43,23,25
43,24,22
43,25,43
43,26,33
43,27,12
43,28,27
43,29,22
43,30,17
43,31,25
43,32,15
43,33,18
43,34,23
43,35,27
43,36,33
43,37,12
43,38,18
43,39,30
43,40,24
43,41,22
43,42,24
43,43,27
43,44,15
43,45,26
43,46,23
43,47,26
43,48,49
43,49,37
43,50,39
43,51,24
43,52,38
43,53,26
43,54,24
43,55,43
43,56,37
43,57,26
43,58,37
43,59,14
43,60,24
43,61,23
43,62,25
43,63,12
43,64,21
43,65,21
43,66,25
43,67,32
43,68,36
43,69,24
43,70,17
43,71,16
43,72,28
43,73,27
43,74,19
43,75,27
43,76,49
43,77,21
43,78,41
43,79,20
43,80,27
43,81,34
43,82,32
43,83,21
43,84,24
43,85,45
43,86,20
43,87,18
43,88,22
43,89,62
43,90,42
43,91,20
43,92,44
43,93,7
43,94,22
43,95,39
43,96,25
43,97,48
43,98,16
43,99,31
44,0,30
44,1,23
44,2,37
44,3,29
44,4,25
44,5,19
44,6,8
44,7,18
44,8,30
44,9,10
44,10,23
44,11,40
44,12,15
44,13,41
44,14,15
44,15,19
44,16,14
44,17,16
44,18,37
44,19,19
44,20,39
44,21,16
44,22,28
44,23,24
44,24,22
44,25,42
44,26,33
44,27,12
44,28,24
44,29,21
44,30,16
44,31,24
44,32,15
44,33,16
44,34,21
44,35,26
44,36,28
44,37,12
44,38,18
44,39,26
44,40,23
44,41,21
44,42,24
44,43,26
44,44,15
44,45,25
44,46,21
44,47,30
44,48,48
44,49,35
44,50,39
44,51,23
44,52,38
44,53,25
44,54,23
44,55,42
44,56,35
44,57,23
44,58,32
44,59,12
44,60,22
44,61,24
44,62,23
44,63,11
44,64,21
44,65,20
44,66,24
44,67,30
44,68,35
44,69,23
44,70,16
44,71,15
44,72,28
44,73,26
44,74,18
44,75,26
44,76,45
44,77,20
44,78,41
44,79,18
44,80,25
44,81,33
44,82,31
44,83,18
44,84,24
44,85,45
44,86,19
44,87,18
44,88,19
44,89,62
44,90,41
44,91,19
44,92,44
44,93,7
44,94,22
44,95,37
44,96,26
44,97,47
44,98,15
44,99,30
45,0,29
45,1,22
45,2,37
45,3,26
45,4,23
45,5,19
45,6,9
45,7,17
45,8,29
45,9,22
45,10,23
45,11,37
45,12,14
45,13,39
45,14,16
45,15,19
45,16,13
45,17,15
45,18,34
45,19,18
45,20,38
45,21,18
45,22,26
45,23,22
45,24,21
45,25,39
45,26,30
45,27,11
45,28,23
45,29,21
45,30,17
45,31,22
45,32,13
45,33,16
45,34,19
45,35,25
45,36,27
45,37,14
45,38,17
45,39,26
45,40,21
45,41,19
45,42,23
45,43,26
45,44,15
45,45,24
45,46,19
45,47,28
45,48,49
45,49,32
45,50,40
45,51,22
45,52,36
45,53,22
45,54,23
45,55,46
45,56,35
45,57,23
45,58,31
45,59,12
45,60,20
45,61,23
45,62,21
45,63,10
45,64,20
45,65,19
45,66,24
45,67,28
45,68,46
45,69,20
45,70,30
45,71,13
45,72,25
45,73,25
45,74,18
45,75,26
45,76,43
45,77,19
45,78,40
45,79,19
45,80,21
45,81,32
45,82,31
45,83,17
45,84,23
45,85,43
45,86,20
45,87,18
45,88,19
45,89,60
45,90,39
45,91,16
45,92,40
45,93,7
45,94,21
45,95,35
45,96,27
45,97,46
45,98,16
45,99,27
46,0,39
46,1,21
46,2,36
46,3,23
46,4,23
46,5,18
46,6,7
46,7,16
46,8,27
46,9,22
46,10,23
46,11,33
46,12,13
46,13,43
46,14,16
46,15,19
46,16,13
46,17,15
46,18,31
46,19,17
46,20,38
46,21,18
46,22,26
46,23,21
46,24,19
46,25,38
46,26,29
46,27,11
46,28,21
46,29,20
46,30,15
46,31,20
46,32,12
46,33,15
46,34,17
46,35,25
46,36,25
46,37,14
46,38,16
46,39,37
46,40,20
46,41,19
46,42,23
46,43,25
46,44,13
46,45,24
46,46,17
46,47,26
46,48,48
46,49,29
46,50,40
46,51,22
46,52,33
46,53,21
46,54,22
46,55,44
46,56,35
46,57,22
46,58,28
46,59,11
46,60,19
46,61,22
46,62,20
46,63,10
46,64,20
46,65,17
46,66,24
46,67,25
46,68,45
46,69,18
46,70,30
46,71,10
46,72,24
46,73,21
46,74,17
46,75,26
46,76,40
46,77,18
46,78,38
46,79,18
46,80,19
46,81,31
46,82,29
46,83,17
46,84,20
46,85,41
46,86,18
46,87,17
46,88,19
46,89,59
46,90,39
46,91,14
46,92,38
46,93,7
46,94,19
46,95,33
46,96,26
46,97,43
46,98,16
46,99,27
47,0,37
47,1,21
47,2,34
47,3,21
47,4,20
47,5,18
47,6,7
47,7,15
47,8,30
47,9,22
47,10,23
47,11,32
47,12,13
47,13,43
47,14,16
47,15,19
47,16,13
47,17,15
47,18,29
47,19,16
47,20,36
47,21,18
47,22,25
47,23,21
47,24,19
47,25,36
47,26,27
47,27,10
47,28,19
47,29,19
47,30,15
47,31,20
47,32,11
47,33,13
47,34,24
47,35,25
47,36,23
47,37,14
47,38,20
47,39,34
47,40,20
47,41,16
47,42,22
47,43,25
47,44,12
47,45,24
47,46,16
47,47,24
47,48,46
47,49,29
47,50,40
47,51,22
47,52,32
47,53,21
47,54,21
47,55,44
47,56,35
47,57,22
47,58,27
47,59,11
47,60,18
47,61,19
47,62,20
47,63,8
47,64,20
47,65,15
47,66,24
47,67,25
47,68,45
47,69,18
47,70,30
47,71,8
47,72,24
47,73,24
47,74,17
47,75,25
47,76,36
47,77,17
47,78,34
47,79,18
47,80,16
47,81,28
47,82,28
47,83,15
47,84,18
47,85,44
47,86,17
47,87,16
47,88,16
47,89,58
47,90,39
47,91,14
47,92,39
47,93,7
47,94,19
47,95,32
47,96,26
47,97,41
47,98,15
47,99,26
48,0,34
48,1,18
48,2,32
48,3,20
48,4,20
48,5,16
48,6,6
48,7,13
48,8,30
48,9,22
48,10,23
48,11,32
48,12,13
48,13,39
48,14,15
48,15,19
48,16,12
48,17,13
48,18,27
48,19,16
48,20,36
48,21,18
48,22,25
48,23,20
48,24,16
48,25,33
48,26,23
48,27,10
48,28,19
48,29,18
48,30,15
48,31,20
48,32,25
48,33,13
48,34,23
48,35,24
48,36,22
48,37,21
48,38,19
48,39,32
48,40,20
48,41,17
48,42,21
48,43,24
48,44,12
48,45,23
48,46,15
48,47,22
48,48,46
48,49,28
48,50,40
48,51,22
48,52,32
48,53,23
48,54,21
48,55,43
48,56,34
48,57,22
48,58,27
48,59,10
48,60,18
48,61,16
48,62,21
48,63,6
48,64,17
48,65,15
48,66,24
48,67,25
48,68,45
48,69,18
48,70,29
48,71,8
48,72,23
48,73,24
48,74,15
48,75,25
48,76,34
48,77,17
48,78,33
48,79,18
48,80,14
48,81,25
48,82,29
48,83,16
48,84,18
48,85,44
48,86,18
48,87,14
48,88,14
48,89,57
48,90,38
48,91,13
48,92,39
48,93,7
48,94,25
48,95,31
48,96,25
48,97,39
48,98,15
48,99,25
49,0,32
49,1,16
49,2,31
49,3,19
49,4,19
49,5,16
49,6,6
49,7,13
49,8,29
49,9,22
49,10,22
49,11,37
49,12,11
49,13,38
49,14,14
49,15,18
49,16,12
49,17,13
49,18,34
49,19,14
49,20,36
49,21,18
49,22,21
49,23,19
49,24,14
49,25,31
49,26,20
49,27,10
49,28,18
49,29,18
49,30,15
49,31,18
49,32,25
49,33,11
49,34,23
49,35,24
49,36,20
49,37,21
49,38,19
49,39,32
49,40,19
49,41,14
49,42,21
49,43,22
49,44,10
49,45,23
49,46,11
49,47,20
49,48,45
49,49,27
49,50,40
49,51,19
49,52,30
49,53,23
49,54,21
49,55,41
49,56,32
49,57,19
49,58,26
49,59,10
49,60,18
49,61,14
49,62,21
49,63,5
49,64,17
49,65,15
49,66,23
49,67,24
49,68,44
49,69,18
49,70,26
49,71,7
49,72,20
49,73,22
49,74,14
49,75,24
49,76,32
49,77,16
49,78,33
49,79,15
49,80,18
49,81,31
49,82,29
49,83,14
49,84,18
49,85,44
49,86,17
49,87,14
49,88,12
49,89,54
49,90,38
49,91,14
49,92,38
49,93,7
49,94,24
49,95,29
49,96,24
49,97,36
49,98,15
49,99,24
